note_id,title,desc,type,user_id,nickname,liked_count,collected_count,comment_count,share_count,time,time_iso,last_update_time,last_update_time_iso,source_url,author_name,author_id,tags,signal_score,keyword_hits,captured_comment_records,clean_title,clean_desc
69760332000000001a031ea8,好天气就应该和好朋友一起去爬山⛰️,"又来林子里当猴王啦！
在钢筋水泥的世界里待久了总喜欢到山里透透气
坐在姐姐车上看着夕阳听着音乐返程的时候才发觉原来当下是如此美好🌅
	
26年深圳十峰打卡(2/10)
#徒步[话题]# #爬山[话题]# #深圳[话题]#",normal,657ae7d70000000020033d5f,再打一针内啡肽,21,0,7,0,1769341746,2026-01-25T19:49:06,1769341746,2026-01-25T19:49:06,https://www.xiaohongshu.com/discovery/item/69760332000000001a031ea8,再打一针内啡肽,657ae7d70000000020033d5f,,35.0,,4,好天气就应该和好朋友一起去爬山⛰️,又来林子里当猴王啦！ 在钢筋水泥的世界里待久了总喜欢到山里透透气 坐在姐姐车上看着夕阳听着音乐返程的时候才发觉原来当下是如此美好🌅 26年深圳十峰打卡(2/10)
691dd53c000000001e021e2c,那个二本商科毕业的腾讯暑期留用成功了,"8月底转正答辩后
一直到昨天才收获到正式转正offer
其实到9月底就已经知道八九不离十
但还是决定在一切尘埃落定后再小小庆祝
	
我的学历并不是互联网企业中的典型
真的很感谢幸运女神的眷顾
让我得到了实习的机会以及超级棒的哥哥姐姐们
感谢认可，感谢选择，感谢每一位哥哥姐姐的倾力相助
希望自己未来仍能保持真诚、做些有价值的事[加油R]
	
从低学历到进入大厂的方式来看
我个人认为还是没有捷径
并且在真正寻找实习的过程中
其实运气的成分要大于实力
我一直坚信：世界上没有绝对的事
即便希望渺茫，向着目标前进努力，可能性就会越来越高
勇敢尝试，仍有被看到的机会；若不敢尝试的话，可能都不会被看到了
	
回顾这几个月的表现来看
我认为真诚、靠谱是我能够留下的关键因素
不管是对待同事前辈、客户，还是工作、学习
抱着一颗真诚谦卑的心慢慢积累～
	
当然，也遇到了相当优秀的小伙伴们
也在为部分没能留下的小伙伴感到惋惜
希望大家都能在属于自己的道路上收获硕果[烟花R]
	
确实好久不见～
一起加油啦！
	
#互联网大厂[话题]# #互联网大厂实习[话题]# #大厂[话题]# #校招[话题]# #offer[话题]#",normal,657ae7d70000000020033d5f,再打一针内啡肽,54,9,42,0,1763562812,2025-11-19T22:33:32,1763562812,2025-11-19T22:33:32,https://www.xiaohongshu.com/discovery/item/691dd53c000000001e021e2c,再打一针内啡肽,657ae7d70000000020033d5f,,142.5,,10,那个二本商科毕业的腾讯暑期留用成功了,8月底转正答辩后 一直到昨天才收获到正式转正offer 其实到9月底就已经知道八九不离十 但还是决定在一切尘埃落定后再小小庆祝 我的学历并不是互联网企业中的典型 真的很感谢幸运女神的眷顾 让我得到了实习的机会以及超级棒的哥哥姐姐们 感谢认可，感谢选择，感谢每一位哥哥姐姐的倾力相助 希望自己未来仍能保持真诚、做些有价值的事 从低学历到进入大厂的方式来看 我个人认为还是没有捷径 并且在真正寻找实习的过程中 其实运气的成分要大于实力 我一直坚信：世界上没有绝对的事 即便希望渺茫，向着目标前进努力，可能性就会越来越高 勇敢尝试，仍有被看到的机会；若不敢尝试的话，可能都不会被看到了 回顾这几个月的表现来看 我认为真诚、靠谱是我能够留下的关键因素 不管是对待同事前辈、客户，还是工作、学习 抱着一颗真诚谦卑的心慢慢积累～ 当然，也遇到了相当优秀的小伙伴们 也在为部分没能留下的小伙伴感到惋惜 希望大家都能在属于自己的道路上收获硕果 确实好久不见～ 一起加油啦！
68aafdcd000000001c004333,鹅厂实习中，那些我遇到的离谱问题（第二弹😭,"最近来✉️我的同学又多了
不过这次大多都是被封号和丢聊天记录的同学[捂脸R]
甚至还有同学想要来找小马哥
（如果见到了记得帮我要个签名）
	
没有损大家的意思～
不过还是要重申一下：
不是在腾讯工作就可以进行技术性操作的！
大家在使用产品的时候还是要注重信息备份和保护合规呀！
	
#互联网大厂[话题]# #互联网大厂实习[话题]# #网友神评论[话题]# #网友评论[话题]#",normal,657ae7d70000000020033d5f,再打一针内啡肽,16,2,9,0,1756036557,2025-08-24T19:55:57,1756036557,2025-08-24T19:55:57,https://www.xiaohongshu.com/discovery/item/68aafdcd000000001c004333,再打一针内啡肽,657ae7d70000000020033d5f,,35.0,,5,鹅厂实习中，那些我遇到的离谱问题（第二弹😭,最近来✉️我的同学又多了 不过这次大多都是被封号和丢聊天记录的同学 甚至还有同学想要来找小马哥 （如果见到了记得帮我要个签名） 没有损大家的意思～ 不过还是要重申一下： 不是在腾讯工作就可以进行技术性操作的！ 大家在使用产品的时候还是要注重信息备份和保护合规呀！
687267e2000000002001986a,同事哥哥说：你能进腾讯就说明你很优秀了,"其实我并不这么认为
说实话，我一直认为自己属于幸存者偏差
自己能够顺利进入腾讯实习，更多靠的是运气
所以我也一直在鞭策自己
要更主动，更好学，更多提升自己的专业水平
	
上次隔壁组的姐姐问我
“那你这么自驱的动力是什么？”
我愣了几秒，一时间不知道该说什么
相比我身边的朋友，我确实没有他们那般自律
英语、数据分析、专业能力。。。都是我要提升的地方
	
回顾我的本硕几年
我确实是一个从骨子里就不甘堕落的人
虽然没有拼尽全力去变得更好
但也算是在不断向上爬
竞赛、科研、实习
也都积累了不少
	
但人外有人，天外有天
成为更好的自己，一直是我心中的目标
实习转正的事虽然也在困惑着我
但也没让我多么焦虑
真正让我焦虑的是害怕自己的进步速度太过缓慢
不过我很庆幸的是在腾讯遇到了很好的哥哥姐姐
能够遇到他们是我在这份实习中十足亮眼的宝藏
	
其实我一直都很明确自己的不足
但在行动上却往往做个小矮子
剩下的时间要更加努力啦！
起码要对得起自己～
	
#互联网大厂[话题]# #互联网大厂实习[话题]# #实习[话题]# #暑期实习[话题]#",normal,657ae7d70000000020033d5f,再打一针内啡肽,47,3,7,0,1752328162,2025-07-12T21:49:22,1752328162,2025-07-12T21:49:22,https://www.xiaohongshu.com/discovery/item/687267e2000000002001986a,再打一针内啡肽,657ae7d70000000020033d5f,,62.5,,4,同事哥哥说：你能进腾讯就说明你很优秀了,其实我并不这么认为 说实话，我一直认为自己属于幸存者偏差 自己能够顺利进入腾讯实习，更多靠的是运气 所以我也一直在鞭策自己 要更主动，更好学，更多提升自己的专业水平 上次隔壁组的姐姐问我 “那你这么自驱的动力是什么？” 我愣了几秒，一时间不知道该说什么 相比我身边的朋友，我确实没有他们那般自律 英语、数据分析、专业能力。。。都是我要提升的地方 回顾我的本硕几年 我确实是一个从骨子里就不甘堕落的人 虽然没有拼尽全力去变得更好 但也算是在不断向上爬 竞赛、科研、实习 也都积累了不少 但人外有人，天外有天 成为更好的自己，一直是我心中的目标 实习转正的事虽然也在困惑着我 但也没让我多么焦虑 真正让我焦虑的是害怕自己的进步速度太过缓慢 不过我很庆幸的是在腾讯遇到了很好的哥哥姐姐 能够遇到他们是我在这份实习中十足亮眼的宝藏 其实我一直都很明确自己的不足 但在行动上却往往做个小矮子 剩下的时间要更加努力啦！ 起码要对得起自己～
687116a4000000001c0367aa,鹅厂实习中，大家问我最多的问题竟然是……,"每天后台都有奇奇怪怪的网友来私信我[捂脸R]
找回聊天记录的、解封帐号的、举报的、带参观办公楼的……
有时候真的很佩服大家的想象力[捂脸R]
（没有损网友的意思）
	
统一回复一下大家：
不是在腾讯实习就可以进行技术性操作的！
老板也没办法帮大家找回聊天记录和解封帐号！
更何况我还只是一个小实习卡拉米[哭惹R]
	
大家在使用软件的时候涉及重要信息还是要注意保护和备份呀！
	
#互联网大厂[话题]# #实习[话题]# #互联网大厂实习[话题]# #腾讯[话题]# #网友评论[话题]# #网友神评论[话题]#",normal,657ae7d70000000020033d5f,再打一针内啡肽,12,0,16,0,1752241828,2025-07-11T21:50:28,1752242820,2025-07-11T22:07:00,https://www.xiaohongshu.com/discovery/item/687116a4000000001c0367aa,再打一针内啡肽,657ae7d70000000020033d5f,,44.0,,8,鹅厂实习中，大家问我最多的问题竟然是……,每天后台都有奇奇怪怪的网友来私信我 找回聊天记录的、解封帐号的、举报的、带参观办公楼的…… 有时候真的很佩服大家的想象力 （没有损网友的意思） 统一回复一下大家： 不是在腾讯实习就可以进行技术性操作的！ 老板也没办法帮大家找回聊天记录和解封帐号！ 更何况我还只是一个小实习卡拉米 大家在使用软件的时候涉及重要信息还是要注意保护和备份呀！
685567fd0000000020018657,如何判别“有效实习”与“无效实习”,"最近有些小伙伴在后台私信
问了我一些关于实习路径推荐、未来职业规划的问题
总结了一下大家的问题，我发现大家存在一个明显的误区
“总是为了追求大厂title而忽略其他”
	
其实实习也会分“有效实习”与“无效实习”
如何判断自己的实习是有效还是无效
从招聘和个人成长的角度来看
我认为可以分为以下几个角度
	
1️⃣关键基础：岗位与职业规划的匹配度
	
2️⃣重要因素：充足的实习周期
	
3️⃣核心关注：能否学到东西，帮助自己成长
这里的学到东西并不仅代表学到该岗位的专业知识，考考虑多方面的内容：
工作本身：能否接触到核心的工作内容？能否学习到公司的核心业务流程？能否对整个行业、领域构建一个整体的宏观了解？
个人发展：让自己清楚自己是否真的想做这个岗位、适合这个岗位？能不能和其他入职已久的行业大佬构建人际关系网？是否能从这段实习中培养出良好的工作习惯，形成积极的人生观价值观？。。。
带教（x因素）：带教是否愿意指导实习生工作？带教的工作风格、交流风格如何？。。。
当然，这些都是实习中的一些客观因素，在很多时候我们往往忽视了在实习中要保持自己的主观能动性，用好主观能动性甚至可以让无效实习转变为有效。
像我过往的实习来看，作为实习生首先要观察带教，积极观察带教在做什么，他做的事情有哪些是自己能做的，有哪些是自己不懂的，并主动去学习、探索。其次，很多核心的工作机会是要自己争取的，可以明确向带教表示希望承担更多的工作与任务，并和带教证明自己有能够承担的能力。最后，即便是dirty work也要主动研究其中的内容，学习其中的逻辑，很多copy paste的工作里面其实也可以主动了解相关内容。
总的来说，决定有效实习和无效实习的因素有很多方面，大家在选择实习的时候也要谨慎、多方面考虑～
	
#互联网大厂实习[话题]# #互联网大厂[话题]# #实习[话题]# #暑期实习[话题]# #大学生实习[话题]# #金融实习[话题]#",normal,657ae7d70000000020033d5f,再打一针内啡肽,151,104,2,0,1750427645,2025-06-20T21:54:05,1750427645,2025-06-20T21:54:05,https://www.xiaohongshu.com/discovery/item/685567fd0000000020018657,再打一针内啡肽,657ae7d70000000020033d5f,,207.0,,2,如何判别“有效实习”与“无效实习”,最近有些小伙伴在后台私信 问了我一些关于实习路径推荐、未来职业规划的问题 总结了一下大家的问题，我发现大家存在一个明显的误区 “总是为了追求大厂title而忽略其他” 其实实习也会分“有效实习”与“无效实习” 如何判断自己的实习是有效还是无效 从招聘和个人成长的角度来看 我认为可以分为以下几个角度 1️⃣关键基础：岗位与职业规划的匹配度 2️⃣重要因素：充足的实习周期 3️⃣核心关注：能否学到东西，帮助自己成长 这里的学到东西并不仅代表学到该岗位的专业知识，考考虑多方面的内容： 工作本身：能否接触到核心的工作内容？能否学习到公司的核心业务流程？能否对整个行业、领域构建一个整体的宏观了解？ 个人发展：让自己清楚自己是否真的想做这个岗位、适合这个岗位？能不能和其他入职已久的行业大佬构建人际关系网？是否能从这段实习中培养出良好的工作习惯，形成积极的人生观价值观？。。。 带教（x因素）：带教是否愿意指导实习生工作？带教的工作风格、交流风格如何？。。。 当然，这些都是实习中的一些客观因素，在很多时候我们往往忽视了在实习中要保持自己的主观能动性，用好主观能动性甚至可以让无效实习转变为有效。 像我过往的实习来看，作为实习生首先要观察带教，积极观察带教在做什么，他做的事情有哪些是自己能做的，有哪些是自己不懂的，并主动去学习、探索。其次，很多核心的工作机会是要自己争取的，可以明确向带教表示希望承担更多的工作与任务，并和带教证明自己有能够承担的能力。最后，即便是dirty work也要主动研究其中的内容，学习其中的逻辑，很多copy paste的工作里面其实也可以主动了解相关内容。 总的来说，决定有效实习和无效实习的因素有很多方面，大家在选择实习的时候也要谨慎、多方面考虑～
68402f2500000000210059f2,入职鹅厂一个半月｜我的真实实习感受,"Hi，好久不见
时间过的好快
已经成为鹅孝子一个半月了
依然在感叹幸运女神的眷顾
不过自己也要不断努力提升
让自己尽可能配得上这般幸运
	
今年CSIG产品销培的岗位招的蛮多
我属于售前，但具体未来在售前的那个领域还没有确定
这段时间一直在西安出差，入职之后就火速上岗
说实话和我的工位亲密接触的时间还不到两天
也没来得及发帖，对滨海的各种设备、活动也不能说熟练
但对公司的整体情况也在组内老大哥的带领下有了初步认识
所以也算是landing成功啦
接下来就分享一些我个人这一个月以来的真实感受吧～
	
1️⃣关于企业
鹅厂的在职员工高达10万人，每年营收数千亿，真的是一个体量巨大的宇宙级公司，在入职后我才发现竟然有可以做到各个条线都如此齐全完善的公司。比如我们内部有技术、IT类问题可以随时企微联系8000，遇到工资、报销等问题可以直接联系财经助手等等，超级多的业务条线真的是保障了员工日常的生活与工作。
同时公司内部也会有很多学习课程及行业弹药库，提供了非常充沛的学习的成长资源。作为新入行的小白，这类资源真的可以有效快速帮助我了解部门的业务和情况。
	
2️⃣关于自身
我是比较幸运的，在入职后就直接进入到了部门的项目组开始实战，也遇到了很好的mt、ld还有同事哥哥姐姐们。虽然自己关于产品、业务还是不太清楚，但在一个月的实习工作中也算是了解了皮毛。
对于实习生来说更多是了解业务、学习专业知识、打好基本功，所以我在团队内目前基本也就是承担一些支持性的工作，不涉及太多专业能力，不过在做一些基础工作的时候也会或多或少学习到该领域的专业知识。
关于工作内容的信息我就不再过多分享啦，入职后一直在出差跑项目，有好多朋友还建议我可以拍一些出差vlog，曾经电影中才能看到的形象也出现了在了自己身上，一时对未来抱着几分期待又有一些迷茫。
	
不管怎么说，永远不要停下向上攀爬的脚步，不断学习、提高自己的能力才是现阶段我应该做的事情～
	
当然也欢迎大家随时来和我交流，一起加油啦！
	
#实习[话题]# #互联网大厂[话题]# #互联网大厂实习[话题]# #鹅厂[话题]# #腾讯[话题]#",normal,657ae7d70000000020033d5f,再打一针内啡肽,149,32,73,0,1749036837,2025-06-04T19:33:57,1749036837,2025-06-04T19:33:57,https://www.xiaohongshu.com/discovery/item/68402f2500000000210059f2,再打一针内啡肽,657ae7d70000000020033d5f,,311.0,,10,入职鹅厂一个半月｜我的真实实习感受,Hi，好久不见 时间过的好快 已经成为鹅孝子一个半月了 依然在感叹幸运女神的眷顾 不过自己也要不断努力提升 让自己尽可能配得上这般幸运 今年CSIG产品销培的岗位招的蛮多 我属于售前，但具体未来在售前的那个领域还没有确定 这段时间一直在西安出差，入职之后就火速上岗 说实话和我的工位亲密接触的时间还不到两天 也没来得及发帖，对滨海的各种设备、活动也不能说熟练 但对公司的整体情况也在组内老大哥的带领下有了初步认识 所以也算是landing成功啦 接下来就分享一些我个人这一个月以来的真实感受吧～ 1️⃣关于企业 鹅厂的在职员工高达10万人，每年营收数千亿，真的是一个体量巨大的宇宙级公司，在入职后我才发现竟然有可以做到各个条线都如此齐全完善的公司。比如我们内部有技术、IT类问题可以随时企微联系8000，遇到工资、报销等问题可以直接联系财经助手等等，超级多的业务条线真的是保障了员工日常的生活与工作。 同时公司内部也会有很多学习课程及行业弹药库，提供了非常充沛的学习的成长资源。作为新入行的小白，这类资源真的可以有效快速帮助我了解部门的业务和情况。 2️⃣关于自身 我是比较幸运的，在入职后就直接进入到了部门的项目组开始实战，也遇到了很好的mt、ld还有同事哥哥姐姐们。虽然自己关于产品、业务还是不太清楚，但在一个月的实习工作中也算是了解了皮毛。 对于实习生来说更多是了解业务、学习专业知识、打好基本功，所以我在团队内目前基本也就是承担一些支持性的工作，不涉及太多专业能力，不过在做一些基础工作的时候也会或多或少学习到该领域的专业知识。 关于工作内容的信息我就不再过多分享啦，入职后一直在出差跑项目，有好多朋友还建议我可以拍一些出差vlog，曾经电影中才能看到的形象也出现了在了自己身上，一时对未来抱着几分期待又有一些迷茫。 不管怎么说，永远不要停下向上攀爬的脚步，不断学习、提高自己的能力才是现阶段我应该做的事情～ 当然也欢迎大家随时来和我交流，一起加油啦！
681ab1800000000022027539,鹅厂实习｜这一步我走了整整4年,"2021年5月 我和好兄弟来滨海大厦
对玻璃门里面的世界叹为观止
不敢想象究竟是什么样优秀的人才能在里面工作
	
2025年5月 我拿到腾讯的暑期
名正言顺地走进滨海，并拥有了自己的工位
这一步，整整4年
	
直到现在我都不敢相信这一切是真实的
若不是好运眷顾，我也同样不会有这个机会
感谢幸运，感谢一切☘️
	
希望把这份好运传递给更多人
我也会更多分享自己的经验、所知
来尽可能做更多利他的事情[派对R]
	
希望大家都可以在属于自己的道路上熠熠生辉！
	
#互联网大厂[话题]# #互联网大厂实习[话题]# #实习[话题]# #大厂[话题]# #暑期实习[话题]#",normal,657ae7d70000000020033d5f,再打一针内啡肽,77,7,41,0,1746579840,2025-05-07T09:04:00,1746591423,2025-05-07T12:17:03,https://www.xiaohongshu.com/discovery/item/681ab1800000000022027539,再打一针内啡肽,657ae7d70000000020033d5f,,162.5,,10,鹅厂实习｜这一步我走了整整4年,2021年5月 我和好兄弟来滨海大厦 对玻璃门里面的世界叹为观止 不敢想象究竟是什么样优秀的人才能在里面工作 2025年5月 我拿到腾讯的暑期 名正言顺地走进滨海，并拥有了自己的工位 这一步，整整4年 直到现在我都不敢相信这一切是真实的 若不是好运眷顾，我也同样不会有这个机会 感谢幸运，感谢一切☘️ 希望把这份好运传递给更多人 我也会更多分享自己的经验、所知 来尽可能做更多利他的事情 希望大家都可以在属于自己的道路上熠熠生辉！
6809bab6000000001c03d68e,人已落泪😭谁说二本商科不能进大厂实习！,"嘿嘿！这个offer模版也是被我用上啦！
焦虑等待了一周
终于等到了心心念念的offer！
作为一个学历并不出众甚至非常拉垮的商科生
我真的从未奢求太多
	
一路走来更像是接连被好运眷顾
感谢面试官们对我的认可[哭惹R]
身边也有很多好朋友、老师在一直鼓励我
感谢大家！也感谢好运降临！
接下来就是拼尽全力来努力啦💪
“要拼尽全力抓住生命中每一次向上攀登的机会”
	
#实习[话题]# #互联网大厂实习[话题]# #暑期实习[话题]# #互联网大厂[话题]#",normal,657ae7d70000000020033d5f,再打一针内啡肽,40,5,50,0,1745468086,2025-04-24T12:14:46,1745468086,2025-04-24T12:14:46,https://www.xiaohongshu.com/discovery/item/6809bab6000000001c03d68e,再打一针内啡肽,657ae7d70000000020033d5f,,142.5,,10,人已落泪😭谁说二本商科不能进大厂实习！,嘿嘿！这个offer模版也是被我用上啦！ 焦虑等待了一周 终于等到了心心念念的offer！ 作为一个学历并不出众甚至非常拉垮的商科生 我真的从未奢求太多 一路走来更像是接连被好运眷顾 感谢面试官们对我的认可 身边也有很多好朋友、老师在一直鼓励我 感谢大家！也感谢好运降临！ 接下来就是拼尽全力来努力啦💪 “要拼尽全力抓住生命中每一次向上攀登的机会”
67fbc64f000000001b0272c6,二本金融+中外合办硕士暑期实习投递总结,"如图
从2月23日第一次开始投递暑期
到现在基本正好一个半月的时间
暑期基本也开放完毕了，可能还有少部分金融机构还没开放
但也决定就此为止，转投日常实习
虽然结果惨淡不堪入目
但还是想对自己的暑期投递过程做一个小小的总结
顺便也和大家分享一下过程中我的一些思考
希望可以对大家有一定的帮助
（大家轻喷，我知道会有很多网友说我认不清自己的水平）
	
☝️首先，我的投递特点：瞄准大厂，商科类岗位不限方向全部尝试
我个人的想法是努力投递还有可能会被看到，什么都不做更没有机会成功
这也是我过往投递实习一贯坚持的战略
	
很多朋友问我为什么要执着于投递大厂，可以做和自己过往垂直方向的实习
我过往已经在银行、私募、券商进行过实习
总体来看过往的经历偏投研方向
现在的环境大家基本都清楚，希望自己可以进行一定的横向拓宽
也就是泛垂直实习
所以我瞄准的一般是互联网公司或实业公司
这样我在正式校招的时候也可以在多个行业、岗位中有一定的选择
目前也有买方机构联系我是否要加入实习
但是我认为自己目前还是更需要为自己未来的职业方向增加选择
	
🏠其次，40多次投递仅有京东、腾讯两家公司给了我机会进面
而且这两次也都进入了二面
这反映出我的简历、学历存在着严重问题
导致简历关无法通过
简历的问题我最近也进行了针对性的修改
但学历方面确实无法弥补
每次面试后我都会比较拥有相同面试机会的同学的学历背景
几乎没有见到和我一样本科是二本的同学（至少是一本双非）
可以看出我的二本本科背景确实给了我诸多的限制
互联网、金融行业卡本的现象依然严重
	
但并不代表我没有亮点
我发现在自己在群面中非常有优势
逻辑框架的搭建、项目流程的推动我都能够比其他同学做的稍微好一点
这应该也是我两次群面都能够进入下一轮的原因
但遇到GM面的时候我过往没有互联网行业经历的缺陷就会被放大
思考方式比较单一、没有工作经验，可能都是面试官pass我的原因
	
🔥接下来准备转投日常
目标依然是深圳的互联网和实业公司
（虽然深圳真的是互联网洼地）
慢慢尝试吧
我也会在过程中不断复盘与反思自己
希望大家都能够如愿以偿
找到适合自己的实习和工作！
不要焦虑！困难的不只是你一个！
何时葡萄先熟透，你要静候再静候~
	
#实习[话题]# #互联网大厂实习[话题]# #互联网大厂[话题]# #暑期实习[话题]# #二本[话题]# #金融实习[话题]#",normal,657ae7d70000000020033d5f,再打一针内啡肽,45,28,3,0,1744553551,2025-04-13T22:12:31,1744553551,2025-04-13T22:12:31,https://www.xiaohongshu.com/discovery/item/67fbc64f000000001b0272c6,再打一针内啡肽,657ae7d70000000020033d5f,,65.0,,2,二本金融+中外合办硕士暑期实习投递总结,如图 从2月23日第一次开始投递暑期 到现在基本正好一个半月的时间 暑期基本也开放完毕了，可能还有少部分金融机构还没开放 但也决定就此为止，转投日常实习 虽然结果惨淡不堪入目 但还是想对自己的暑期投递过程做一个小小的总结 顺便也和大家分享一下过程中我的一些思考 希望可以对大家有一定的帮助 （大家轻喷，我知道会有很多网友说我认不清自己的水平） ☝️首先，我的投递特点：瞄准大厂，商科类岗位不限方向全部尝试 我个人的想法是努力投递还有可能会被看到，什么都不做更没有机会成功 这也是我过往投递实习一贯坚持的战略 很多朋友问我为什么要执着于投递大厂，可以做和自己过往垂直方向的实习 我过往已经在银行、私募、券商进行过实习 总体来看过往的经历偏投研方向 现在的环境大家基本都清楚，希望自己可以进行一定的横向拓宽 也就是泛垂直实习 所以我瞄准的一般是互联网公司或实业公司 这样我在正式校招的时候也可以在多个行业、岗位中有一定的选择 目前也有买方机构联系我是否要加入实习 但是我认为自己目前还是更需要为自己未来的职业方向增加选择 🏠其次，40多次投递仅有京东、腾讯两家公司给了我机会进面 而且这两次也都进入了二面 这反映出我的简历、学历存在着严重问题 导致简历关无法通过 简历的问题我最近也进行了针对性的修改 但学历方面确实无法弥补 每次面试后我都会比较拥有相同面试机会的同学的学历背景 几乎没有见到和我一样本科是二本的同学（至少是一本双非） 可以看出我的二本本科背景确实给了我诸多的限制 互联网、金融行业卡本的现象依然严重 但并不代表我没有亮点 我发现在自己在群面中非常有优势 逻辑框架的搭建、项目流程的推动我都能够比其他同学做的稍微好一点 这应该也是我两次群面都能够进入下一轮的原因 但遇到GM面的时候我过往没有互联网行业经历的缺陷就会被放大 思考方式比较单一、没有工作经验，可能都是面试官pass我的原因 🔥接下来准备转投日常 目标依然是深圳的互联网和实业公司 （虽然深圳真的是互联网洼地） 慢慢尝试吧 我也会在过程中不断复盘与反思自己 希望大家都能够如愿以偿 找到适合自己的实习和工作！ 不要焦虑！困难的不只是你一个！ 何时葡萄先熟透，你要静候再静候~
67f8901b000000001d0165bf,鹅CSIG产品商务培训生一二面复盘❗️（复试挂,"个人背景就不说喽，大家可以看我的主页置顶帖或之前京东jdy的复盘
	
💼部门岗位：
投递岗位：CSIG 商业分析
面试岗位：CSIG技术产品商务培训生（ToB 销售）
面试部门：腾讯智慧零售
很奇怪的是我被tob销售捞了，群面也是tob方向的面试，但二面时候面试官老师告诉我是商业分析方向，一时间我竟不知道我究竟被哪里捡起来面了一圈。。。
	
🕐Timeline：
3.17 官网投递
3.28 群面
无初试
4.8  复试（GM面）
4.11 结束流程
	
1️⃣群面流程及问题：
这部分就不细讲了，有很多同学发了经验贴，大概是一个腾讯云的海外销售解决方案提出，13分钟准备时间，可以用AI，展示形式不限，一场大概50分钟左右，每个人都会有发言机会，但发言顺序需要自己来抢，最后还会有互相提问的环节。
	
2️⃣复试（变成商分方向了）流程及问题：
复试是GM面，基本是深挖简历，考察和岗位匹配度，大概25分钟左右。
1.为什么想要做商分？
2.你认为你过往经历中和商分比较匹配的是什么？
3.过往的经历中遇到zui困难的事情是什么？如何解决的？
4.你觉得你过往实习中做的不好的地方是什么？以后会如何改进？
5.如果现在让你分析一个新的行业，你会如何做？
6.在过去的团队项目中有没有出现什么问题？如何解决的？
	
其实已经很满意啦，从未想过鹅厂会给我面试，更没想过群面后竟然还有复试的机会，暑期实习的投递基本也要结束了，后面应该会再出一期暑期实习的复盘，感兴趣的同学也可以关🐖一下！
	
这么多次投递、面试给我的感受是：商科转行互联网、实业真的很难，第一份实习相当重要，所以我现在迫切地需要进行一次转行实习，这也将会是我下一份实习的主要投递方向。当然，在深圳有相关方向找继任的同学也可以看看我，绝✅靠谱，绝✅好使😭
	
#互联网大厂实习[话题]# #互联网大厂[话题]# #实习[话题]# #面经[话题]# #暑期实习[话题]##腾讯[话题]#",normal,657ae7d70000000020033d5f,再打一针内啡肽,141,148,17,0,1744343067,2025-04-11T11:44:27,1744343067,2025-04-11T11:44:27,https://www.xiaohongshu.com/discovery/item/67f8901b000000001d0165bf,再打一针内啡肽,657ae7d70000000020033d5f,,249.0,,7,鹅CSIG产品商务培训生一二面复盘❗️（复试挂,个人背景就不说喽，大家可以看我的主页置顶帖或之前京东jdy的复盘 💼部门岗位： 投递岗位：CSIG 商业分析 面试岗位：CSIG技术产品商务培训生（ToB 销售） 面试部门：腾讯智慧零售 很奇怪的是我被tob销售捞了，群面也是tob方向的面试，但二面时候面试官老师告诉我是商业分析方向，一时间我竟不知道我究竟被哪里捡起来面了一圈。。。 🕐Timeline： 3.17 官网投递 3.28 群面 无初试 4.8 复试（GM面） 4.11 结束流程 1️⃣群面流程及问题： 这部分就不细讲了，有很多同学发了经验贴，大概是一个腾讯云的海外销售解决方案提出，13分钟准备时间，可以用AI，展示形式不限，一场大概50分钟左右，每个人都会有发言机会，但发言顺序需要自己来抢，最后还会有互相提问的环节。 2️⃣复试（变成商分方向了）流程及问题： 复试是GM面，基本是深挖简历，考察和岗位匹配度，大概25分钟左右。 1.为什么想要做商分？ 2.你认为你过往经历中和商分比较匹配的是什么？ 3.过往的经历中遇到zui困难的事情是什么？如何解决的？ 4.你觉得你过往实习中做的不好的地方是什么？以后会如何改进？ 5.如果现在让你分析一个新的行业，你会如何做？ 6.在过去的团队项目中有没有出现什么问题？如何解决的？ 其实已经很满意啦，从未想过鹅厂会给我面试，更没想过群面后竟然还有复试的机会，暑期实习的投递基本也要结束了，后面应该会再出一期暑期实习的复盘，感兴趣的同学也可以关🐖一下！ 这么多次投递、面试给我的感受是：商科转行互联网、实业真的很难，第一份实习相当重要，所以我现在迫切地需要进行一次转行实习，这也将会是我下一份实习的主要投递方向。当然，在深圳有相关方向找继任的同学也可以看看我，绝✅靠谱，绝✅好使😭
67f3df0e000000001c00e23e,考研结束后可以做的几件事！,"进入到四月
大多数同学基本也收到了自己的录取通知
可能有小部分同学还在为调剂做准备
当然更多的应该是没能如愿的同学
不管怎么样，一切都是最好的安排~
	
现在到研究生开学/毕业还有几个月的时间
这几个月看似可以无所事事，但其实这段时间是很多同学弯道超车拉开差距的黄金时间
结合我当初及身边同学的情况，我认为有几件事非常有必要在这段时间去做！
	
1️⃣休息！大玩特玩！
考研结束后最重要的就是好好休息，这可能是你作为学生最后一段几乎完全没有压力、可以完全享受的一段假期。可以用这段时间多陪陪家人、看看世界、享受一下美食、培养一下自己的爱好。。。毕竟后面的假期可能就由不得自己来决定了，这是一个很好的放松机会。
	
2️⃣学好英语，尽可能要有一个语言成绩！
英语现在已经是未来科研、工作、留学的重中之重。很多学硕要看众多的外文文献，如果没有过关的英语能力将会寸步难行。现在高端一些的商科岗位也基本都要求“英语听说读写流利，可作为工作语言”，工作中需要英语的场景也越来越多。还有一些学校在硕士阶段可能会有对外交流交换的机会，更是需要明确的雅思、托福成绩。可以说英语就是一张看世界的门票，对于本科阶段忽视英语学习的同学相当重要。
	
3️⃣找一段高质量实习！
现在到开学还有近5个月的时间，完全可以满足一段高质量实习的周期。很多同学在本科阶段为了准备考研或其他原因一直没有实习储备，而现在正是寻找实习的黄金时间。有条件的同学可以尽可能投递实地的实习工作，去到北上深真实体验一下工作的感觉，当然想要时间更灵活的话也可以选择远程实习，选择行研、咨询的方向。现在4月也正是找实习非常容易的时间，多多投递应该很快就会有回应。
	
4️⃣备考各类证书！
驾照、从业资格证、CPA、CFA等无论是生活类还是专业类的证书都可以尽早开始准备。这段几个月相对来说比较完整，可以专注于学习一个新知识、新技能，提前拿下一些专业领域的证书对自己研究生阶段的学习和未来求职都会有不小的帮助，可以适当规划考取一些适合自己的证书。
	
总的来说，考研结束后这段时间还是需要牢牢把握住，是一个提升自己的好时机！一起加油啦，欢迎大家和我一起交流，一切都是最好的安排，努力向上就永远不会错！
	
#考研[话题]# #研究生[话题]# #硕士[话题]##实习[话题]# #假期[话题]# #考研结束[话题]# #上岸[话题]#",normal,657ae7d70000000020033d5f,再打一针内啡肽,170,102,5,0,1744035599,2025-04-07T22:19:59,1744035599,2025-04-07T22:19:59,https://www.xiaohongshu.com/discovery/item/67f3df0e000000001c00e23e,再打一针内啡肽,657ae7d70000000020033d5f,,231.0,,3,考研结束后可以做的几件事！,进入到四月 大多数同学基本也收到了自己的录取通知 可能有小部分同学还在为调剂做准备 当然更多的应该是没能如愿的同学 不管怎么样，一切都是最好的安排~ 现在到研究生开学/毕业还有几个月的时间 这几个月看似可以无所事事，但其实这段时间是很多同学弯道超车拉开差距的黄金时间 结合我当初及身边同学的情况，我认为有几件事非常有必要在这段时间去做！ 1️⃣休息！大玩特玩！ 考研结束后最重要的就是好好休息，这可能是你作为学生最后一段几乎完全没有压力、可以完全享受的一段假期。可以用这段时间多陪陪家人、看看世界、享受一下美食、培养一下自己的爱好。。。毕竟后面的假期可能就由不得自己来决定了，这是一个很好的放松机会。 2️⃣学好英语，尽可能要有一个语言成绩！ 英语现在已经是未来科研、工作、留学的重中之重。很多学硕要看众多的外文文献，如果没有过关的英语能力将会寸步难行。现在高端一些的商科岗位也基本都要求“英语听说读写流利，可作为工作语言”，工作中需要英语的场景也越来越多。还有一些学校在硕士阶段可能会有对外交流交换的机会，更是需要明确的雅思、托福成绩。可以说英语就是一张看世界的门票，对于本科阶段忽视英语学习的同学相当重要。 3️⃣找一段高质量实习！ 现在到开学还有近5个月的时间，完全可以满足一段高质量实习的周期。很多同学在本科阶段为了准备考研或其他原因一直没有实习储备，而现在正是寻找实习的黄金时间。有条件的同学可以尽可能投递实地的实习工作，去到北上深真实体验一下工作的感觉，当然想要时间更灵活的话也可以选择远程实习，选择行研、咨询的方向。现在4月也正是找实习非常容易的时间，多多投递应该很快就会有回应。 4️⃣备考各类证书！ 驾照、从业资格证、CPA、CFA等无论是生活类还是专业类的证书都可以尽早开始准备。这段几个月相对来说比较完整，可以专注于学习一个新知识、新技能，提前拿下一些专业领域的证书对自己研究生阶段的学习和未来求职都会有不小的帮助，可以适当规划考取一些适合自己的证书。 总的来说，考研结束后这段时间还是需要牢牢把握住，是一个提升自己的好时机！一起加油啦，欢迎大家和我一起交流，一切都是最好的安排，努力向上就永远不会错！
67e288d7000000001d0161b0,什么？专硕也要搞科研？😲,"机器学习课要求每位同学都要分享一篇机器学习相关的论文
自己过往竞赛时的ppt都是咨询风、竞赛风
确实是第一次做科研风的ppt
非常感谢博主@白满川 的分享
这份ppt基本是按照博主的分享来制作的
感谢提供灵感和借鉴[害羞R]
	
不过也算是满足了自己对科研的一点小向往
经济学近年的论文都侧重于理论推导，通过理论推导提出假设，再用实证研究来call back
确实需要相对高深的经济学知识储备和思维
PSM-DID是近年来主流的方法
政策效应评估和区域经济也都蛮有意思的，我对这里也有着一定兴趣
	
回顾自己本科的毕业论文，在当时是佼佼者，但现在来看感觉像是一坨[捂脸R]
就在刚才还收到了期刊的待录用通知，真是辛苦我导还在坚持投稿了[哭惹R]
欢迎大家来讨论交流！
#研究生[话题]# #科研[话题]# #经管[话题]# #文献[话题]# #组会[话题]# #深圳大学[话题]#",normal,657ae7d70000000020033d5f,再打一针内啡肽,263,258,48,0,1742899415,2025-03-25T18:43:35,1742899681,2025-03-25T18:48:01,https://www.xiaohongshu.com/discovery/item/67e288d7000000001d0161b0,再打一针内啡肽,657ae7d70000000020033d5f,,488.0,,10,什么？专硕也要搞科研？😲,机器学习课要求每位同学都要分享一篇机器学习相关的论文 自己过往竞赛时的ppt都是咨询风、竞赛风 确实是第一次做科研风的ppt 非常感谢博主@白满川 的分享 这份ppt基本是按照博主的分享来制作的 感谢提供灵感和借鉴 不过也算是满足了自己对科研的一点小向往 经济学近年的论文都侧重于理论推导，通过理论推导提出假设，再用实证研究来call back 确实需要相对高深的经济学知识储备和思维 PSM-DID是近年来主流的方法 政策效应评估和区域经济也都蛮有意思的，我对这里也有着一定兴趣 回顾自己本科的毕业论文，在当时是佼佼者，但现在来看感觉像是一坨 就在刚才还收到了期刊的待录用通知，真是辛苦我导还在坚持投稿了 欢迎大家来讨论交流！
67db9015000000001d01ef98,理工科同学确实比商科同学更容易进入大厂,"近期正好在投递暑期实习
（大家轻喷，我知道这不是我的赛道）
每天都要翻企业的招聘网站来看岗位信息
发现无论是互联网大厂，还是金融机构中后台，甚至实体企业、国央企，金融专业的同学能申请的岗位永远都是那几个
产品、运营、市场、商分……
	
甚至很多岗位并非对口，需要我们用垂直实习来学习掌握岗位需求技能
而且数量上也比工科岗位少的多
这就导致了就业市场上商科相关的岗位狼多肉少的局面
商科岗位卷上加卷，学历要求更是加强
所以开始对我身边能够进入大厂实习的同学画像进行反思
	
🔥以我的本科为例（二本独立学院）
在读四年、毕业一年，几乎从未听到过几位商科的同学进入大厂实习并留用（确实有，但基本是有很厉害的硕士学历后申请或某些非常规渠道）
但理工科、精通代码的同学总能传来拿到大厂研发等岗位的消息。
	
其次就是传媒类岗位，也有很多同学用艺术的优势先拿到了广告4A公司的实习机会，以此为跳板，成功转型互联网或者继续深耕传媒行业。
	
🧰古话说学好数理化，走遍天下都不怕，真的有道理。
	
相对于商科的同学，理工科的同学熟练使用各项编程技术，艺术类的同学有着精致的审美与创作能力，拥有自己“吃饭的本领”。
	
反观商科的同学，财务学了、估值学了、分析学了、编程也学了，但好像学的都不精，就致使在现如今惨淡的环境下很难有自己的核心竞争力……
	
💪当然发这个帖子并非在给学历背景没有那么好的同学制造焦虑，而是希望寻求到一些破局之路。
就我个人而言，我的终极目标也是大厂、高薪、陡峭的成长曲线。根据我所投递过的岗位jd来看，大多数大厂的商科岗位都要求应聘者有三方面能力：
	
‼️英语听说读写流利、一定的python和sql熟练程度、对新行业新事物的快速学习和分析能力。
	
所以对于学历并不突出、很难找到实习岗位的商科同学，想要转型，可以从这三方面入手，率先培养自己的能力，为未来扎根。如果能做一些相关的项目就更好了，算是有了提前准备。当然没必要去羡慕其他能进大厂实习工作的同学，我们要做的应该是了解他们为什么能进大厂，学习他们身上我们所不具备的特质～
	
这也是我接下来要努力的目标，今年的目标是学好英语，用好编程！扎根的路总是很苦很慢，沉下心来才能做的更好～
	
一起加油喽！
	
#互联网大厂[话题]# #实习[话题]# #碎碎念[话题]# #大厂[话题]# #商科[话题]# #商科实习[话题]# #大学生就业[话题]#",normal,657ae7d70000000020033d5f,再打一针内啡肽,22,7,4,0,1742442517,2025-03-20T11:48:37,1742442517,2025-03-20T11:48:37,https://www.xiaohongshu.com/discovery/item/67db9015000000001d01ef98,再打一针内啡肽,657ae7d70000000020033d5f,,33.5,,4,理工科同学确实比商科同学更容易进入大厂,近期正好在投递暑期实习 （大家轻喷，我知道这不是我的赛道） 每天都要翻企业的招聘网站来看岗位信息 发现无论是互联网大厂，还是金融机构中后台，甚至实体企业、国央企，金融专业的同学能申请的岗位永远都是那几个 产品、运营、市场、商分…… 甚至很多岗位并非对口，需要我们用垂直实习来学习掌握岗位需求技能 而且数量上也比工科岗位少的多 这就导致了就业市场上商科相关的岗位狼多肉少的局面 商科岗位卷上加卷，学历要求更是加强 所以开始对我身边能够进入大厂实习的同学画像进行反思 🔥以我的本科为例（二本独立学院） 在读四年、毕业一年，几乎从未听到过几位商科的同学进入大厂实习并留用（确实有，但基本是有很厉害的硕士学历后申请或某些非常规渠道） 但理工科、精通代码的同学总能传来拿到大厂研发等岗位的消息。 其次就是传媒类岗位，也有很多同学用艺术的优势先拿到了广告4A公司的实习机会，以此为跳板，成功转型互联网或者继续深耕传媒行业。 🧰古话说学好数理化，走遍天下都不怕，真的有道理。 相对于商科的同学，理工科的同学熟练使用各项编程技术，艺术类的同学有着精致的审美与创作能力，拥有自己“吃饭的本领”。 反观商科的同学，财务学了、估值学了、分析学了、编程也学了，但好像学的都不精，就致使在现如今惨淡的环境下很难有自己的核心竞争力…… 💪当然发这个帖子并非在给学历背景没有那么好的同学制造焦虑，而是希望寻求到一些破局之路。 就我个人而言，我的终极目标也是大厂、高薪、陡峭的成长曲线。根据我所投递过的岗位jd来看，大多数大厂的商科岗位都要求应聘者有三方面能力： ‼️英语听说读写流利、一定的python和sql熟练程度、对新行业新事物的快速学习和分析能力。 所以对于学历并不突出、很难找到实习岗位的商科同学，想要转型，可以从这三方面入手，率先培养自己的能力，为未来扎根。如果能做一些相关的项目就更好了，算是有了提前准备。当然没必要去羡慕其他能进大厂实习工作的同学，我们要做的应该是了解他们为什么能进大厂，学习他们身上我们所不具备的特质～ 这也是我接下来要努力的目标，今年的目标是学好英语，用好编程！扎根的路总是很苦很慢，沉下心来才能做的更好～ 一起加油喽！
67d0388f000000002a00f9a1,实习要冲更要懂抬头,"下半学期找实习的同学明显变多了，最近能看到很多同学在网上抱怨现在大学卷实习成风，每次我发关于实习的抱怨贴都能引起很多同学的强烈共鸣，现在我身边也有好多同学开学到现在一直在外实习，很难想象是如何平衡学业与工作的[捂脸R]
	
现在时代变了，就业市场不同以往，考研学历贬值、考公难于登天，几乎上大一就得开始思考做抉择，出国、直接就业、甚至考研都要有一定的实践经验，不少同学确实很早就开始卷实习。
	
如果大家不得不卷实习，又想过程不那么内耗，一定要先保证实习方向的正确，要不累得慌还未必有好的结果（说实话就我个人的实习路径来看，是和我的学历相对来说不太匹配的）。
	
就我个人的过往经验来看，如何选择正确的实习方向呢？
	
1️⃣尽早实习，摸清自己的适合、感兴趣的行业及岗位。原因很简单，找实习最后是为了就业，但择业迷茫才是大家zui大的问题，与其纠结自己未来究竟去哪个行当哪个岗位工作，不如尽早开始实习，去感兴趣的方向实习下，一般做2份就能搞明白，自己究竟想不想在这个行业发展，快的话1份也够了。
	
2️⃣如果有幸能找到自己的方向，注意识别实习的岗位是否真的对就业有帮助，去小地方学真东西要比去大地方拧螺丝强得多。大厂的实习确实对简历添彩，但如果岗位本身对目标就业方向没有太大的帮助，再大的title也没用。找实习的时候可以尽量海投，手中有多个offer可选，选择时可以问下有经验的人再抉择，毕竟岗位的领导只是想找人帮自己干活，带教老师并不一定会“带教”，也并不一定是“老师”。
	
3️⃣zui重要也是zui现实扎心的一点，尽可能选择和自己学历匹配的公司岗位。其实二本逆袭大厂、双非进入名企的故事每年都有很多，但这些同学在比例上终究只占一小部分。大多数时候学历就决定了我们能去什么样的公司、什么样的岗位（超能力选手除外），所以有时候一些学历较差的同学如果只盯着大厂的话容易形成好高骛远的情况。当然我一直在用自己的行动向大家传达“破圈”心态，世界上没有绝对的事，要敢想敢做，只不过有时候学历较差的同学要比92的同学多走一段路罢了~
	
千万不要为了实习而实习，找准方向努力破圈。实习是引力波不是永动机，弯腰捡六便士时，记得让月光淌进航天服的呼吸阀。
	
#实习[话题]# #大学生实习[话题]# #金融实习[话题]# #互联网大厂实习[话题]#",normal,657ae7d70000000020033d5f,再打一针内啡肽,37,13,0,0,1741699215,2025-03-11T21:20:15,1741699215,2025-03-11T21:20:15,https://www.xiaohongshu.com/discovery/item/67d0388f000000002a00f9a1,再打一针内啡肽,657ae7d70000000020033d5f,,43.5,,0,实习要冲更要懂抬头,下半学期找实习的同学明显变多了，最近能看到很多同学在网上抱怨现在大学卷实习成风，每次我发关于实习的抱怨贴都能引起很多同学的强烈共鸣，现在我身边也有好多同学开学到现在一直在外实习，很难想象是如何平衡学业与工作的 现在时代变了，就业市场不同以往，考研学历贬值、考公难于登天，几乎上大一就得开始思考做抉择，出国、直接就业、甚至考研都要有一定的实践经验，不少同学确实很早就开始卷实习。 如果大家不得不卷实习，又想过程不那么内耗，一定要先保证实习方向的正确，要不累得慌还未必有好的结果（说实话就我个人的实习路径来看，是和我的学历相对来说不太匹配的）。 就我个人的过往经验来看，如何选择正确的实习方向呢？ 1️⃣尽早实习，摸清自己的适合、感兴趣的行业及岗位。原因很简单，找实习最后是为了就业，但择业迷茫才是大家zui大的问题，与其纠结自己未来究竟去哪个行当哪个岗位工作，不如尽早开始实习，去感兴趣的方向实习下，一般做2份就能搞明白，自己究竟想不想在这个行业发展，快的话1份也够了。 2️⃣如果有幸能找到自己的方向，注意识别实习的岗位是否真的对就业有帮助，去小地方学真东西要比去大地方拧螺丝强得多。大厂的实习确实对简历添彩，但如果岗位本身对目标就业方向没有太大的帮助，再大的title也没用。找实习的时候可以尽量海投，手中有多个offer可选，选择时可以问下有经验的人再抉择，毕竟岗位的领导只是想找人帮自己干活，带教老师并不一定会“带教”，也并不一定是“老师”。 3️⃣zui重要也是zui现实扎心的一点，尽可能选择和自己学历匹配的公司岗位。其实二本逆袭大厂、双非进入名企的故事每年都有很多，但这些同学在比例上终究只占一小部分。大多数时候学历就决定了我们能去什么样的公司、什么样的岗位（超能力选手除外），所以有时候一些学历较差的同学如果只盯着大厂的话容易形成好高骛远的情况。当然我一直在用自己的行动向大家传达“破圈”心态，世界上没有绝对的事，要敢想敢做，只不过有时候学历较差的同学要比92的同学多走一段路罢了~ 千万不要为了实习而实习，找准方向努力破圈。实习是引力波不是永动机，弯腰捡六便士时，记得让月光淌进航天服的呼吸阀。
67ced7910000000028028fd1,假期时间不够，没法逃课实习怎么办？,"在我们找实习的时候经常会遇到岗位jd中要求实习时长3个月以上、6个月以上的情况
	
但是通常大家的寒假、暑假只有一个月左右的时间，久一点的也几乎没能超过两个月
	
所以很多同学因实习时长不足不敢投递简历或面试后被刷掉
	
其实解决这个问题很简单，在我看来主要有两个方法：1️⃣远程实习2️⃣合理平衡实习与上课时间
	
1️⃣远程实习—行研、咨询、PTA
远程实习应该是对于时间有限的同学最友好的实习方式了，主要可以选择行研、咨询、PTA这几个方面。其中行研对于低年级、无实习经历的同学较为友好，实习过程中也可以锻炼到自己的分析思维和办公能力，这也是我很推荐大家入手的一个实习方向。远程咨询（如果是头部）一般对英语能力要求较高，而且希望实习生过往有一定的实习经历，甚至会对学历有较高要求。不过这两个方向的工作内容从底层来说相差并不大，开设的远程岗位也比较多，非常适合时间不太充裕的同学投递～
	
2️⃣合理安排时间—先修、选课、商议、逃课
首先来说说先修，应该大多数学校对成绩优异的同学都可以提供先修的选择，像我朋友大三上半学期及之前就疯狂修课，目前大三下已经完全没课了，至少给自己争取了4个月的实习时间。
	
其次，选课也是一门艺术。我见过比较厉害的选课高手把自己的课程全部安排在一周的3天内上完，这样也为自己争取了一定的周中到岗时间，也给自己和领导谈部分远程工作一些空间。
	
商议是指和老师商议上课考勤，有一些比较开明的老师是不会介意大家利用自己的课堂时间去做更有意义的事情的，只要作业交齐考试都过一般不会刁难学生。但是这种老师也是圣人级别，属于可遇不可求型，如果遇到了记得日后多多回报老师[捂脸R]
	
最后就是逃课，这也是我zui不建议的一种方式，虽然身边也有很多同学在逃课实习，但确实一定程度上也增加了自己的学业压力，万一因出勤数不达标又被取消期末考试机会可就得不偿失了。
	
最后也给大家分享一个小tip：当面试官问我们能否满足3/6个月的实习时间时，大多数情况一定要非常坚定地说自己可以满足，入职后再润是入职后的事，先把自己搞进公司再说[生气R](当然这种方法要慎用，如果确实与要求时间差距较大建议还是稳中求胜）
	
#大学生实习[话题]# #实习[话题]# #远程实习[话题]# #行研[话题]# #咨询[话题]# #金融实习[话题]#",normal,657ae7d70000000020033d5f,再打一针内啡肽,40,28,4,0,1741608849,2025-03-10T20:14:09,1741608849,2025-03-10T20:14:09,https://www.xiaohongshu.com/discovery/item/67ced7910000000028028fd1,再打一针内啡肽,657ae7d70000000020033d5f,,62.0,,2,假期时间不够，没法逃课实习怎么办？,在我们找实习的时候经常会遇到岗位jd中要求实习时长3个月以上、6个月以上的情况 但是通常大家的寒假、暑假只有一个月左右的时间，久一点的也几乎没能超过两个月 所以很多同学因实习时长不足不敢投递简历或面试后被刷掉 其实解决这个问题很简单，在我看来主要有两个方法：1️⃣远程实习2️⃣合理平衡实习与上课时间 1️⃣远程实习—行研、咨询、PTA 远程实习应该是对于时间有限的同学最友好的实习方式了，主要可以选择行研、咨询、PTA这几个方面。其中行研对于低年级、无实习经历的同学较为友好，实习过程中也可以锻炼到自己的分析思维和办公能力，这也是我很推荐大家入手的一个实习方向。远程咨询（如果是头部）一般对英语能力要求较高，而且希望实习生过往有一定的实习经历，甚至会对学历有较高要求。不过这两个方向的工作内容从底层来说相差并不大，开设的远程岗位也比较多，非常适合时间不太充裕的同学投递～ 2️⃣合理安排时间—先修、选课、商议、逃课 首先来说说先修，应该大多数学校对成绩优异的同学都可以提供先修的选择，像我朋友大三上半学期及之前就疯狂修课，目前大三下已经完全没课了，至少给自己争取了4个月的实习时间。 其次，选课也是一门艺术。我见过比较厉害的选课高手把自己的课程全部安排在一周的3天内上完，这样也为自己争取了一定的周中到岗时间，也给自己和领导谈部分远程工作一些空间。 商议是指和老师商议上课考勤，有一些比较开明的老师是不会介意大家利用自己的课堂时间去做更有意义的事情的，只要作业交齐考试都过一般不会刁难学生。但是这种老师也是圣人级别，属于可遇不可求型，如果遇到了记得日后多多回报老师 最后就是逃课，这也是我zui不建议的一种方式，虽然身边也有很多同学在逃课实习，但确实一定程度上也增加了自己的学业压力，万一因出勤数不达标又被取消期末考试机会可就得不偿失了。 最后也给大家分享一个小tip：当面试官问我们能否满足3/6个月的实习时间时，大多数情况一定要非常坚定地说自己可以满足，入职后再润是入职后的事，先把自己搞进公司再说 (当然这种方法要慎用，如果确实与要求时间差距较大建议还是稳中求胜）
67c83f29000000002503dab9,研究生，上午做胃肠镜下午来健身🏋️,"胃已经不适很久了
拖了很久才来医院做检查
第一次做无痛胃肠镜
麻药注射入体内后10s不到就昏睡过去
（半醒时我问医生这麻药效果真好能不能卖我一瓶，医生说不卖[汗颜R]）
好在结果没有大碍
只是慢性浅表性胃炎
可惜要一段时间被迫与冷饮、辣椒无缘了
	
正好到丽湖校区
想着感受一下丽湖的健身房
晚上就来练练肩，加速一下体内残存的药物消化
	
PS:
复诊时问了一下医生经常健身摄入非常多的蛋白质会不会影响消化道健康（如蛋白粉、鸡蛋等），医生说过量会给肠胃造成一定负担，要特别注重膳食纤维的补充。
	
但健身人最爱的冰美式确实会非常刺激胃黏膜，如果又喜欢吃辣的话还是要更加注意肠胃的保护。
肠胃是人体的发动机，马上夏天了，大家还是要保护好自己的消化系统，别让喝进去的蛋白粉都浪费掉[哭惹R]
	
#深圳大学[话题]# #健身[话题]# #身体[话题]# #碎碎念[话题]# #研究生[话题]#",normal,657ae7d70000000020033d5f,再打一针内啡肽,60,9,35,0,1741176617,2025-03-05T20:10:17,1741176617,2025-03-05T20:10:17,https://www.xiaohongshu.com/discovery/item/67c83f29000000002503dab9,再打一针内啡肽,657ae7d70000000020033d5f,,134.5,,10,研究生，上午做胃肠镜下午来健身🏋️,胃已经不适很久了 拖了很久才来医院做检查 第一次做无痛胃肠镜 麻药注射入体内后10s不到就昏睡过去 （半醒时我问医生这麻药效果真好能不能卖我一瓶，医生说不卖 ） 好在结果没有大碍 只是慢性浅表性胃炎 可惜要一段时间被迫与冷饮、辣椒无缘了 正好到丽湖校区 想着感受一下丽湖的健身房 晚上就来练练肩，加速一下体内残存的药物消化 PS: 复诊时问了一下医生经常健身摄入非常多的蛋白质会不会影响消化道健康（如蛋白粉、鸡蛋等），医生说过量会给肠胃造成一定负担，要特别注重膳食纤维的补充。 但健身人最爱的冰美式确实会非常刺激胃黏膜，如果又喜欢吃辣的话还是要更加注意肠胃的保护。 肠胃是人体的发动机，马上夏天了，大家还是要保护好自己的消化系统，别让喝进去的蛋白粉都浪费掉
67c66b05000000002902e634,四段实习心得｜商科生实习其实会有路径,"作为一个本硕学历都并不出彩的学生
其实我在实习过程中遇到了诸多阻碍
根据我的过往经验来看，越来越觉得商科的同学实习其实是有一定路径的
并且该路径需要有效、有序
所以我结合自己的经验以及身边优秀同学的经历做了这张图
希望能给大家一些借鉴和帮助
（PS：该路径只作为借鉴，并不具有特殊性，大家仍需根据自己的实际情况来选择适合自己的实习）
	
近些年就业环境确实不太乐观
作为商科的同学如果没有几段高质量的实习，在校招的过程中是非常难胜出的
我简单将实习路径划分为五个阶段，分别对应了不同年级、不同时间比较合适的成长方向
	
总结：
1️⃣虽然我列了大概五个阶段，看起来好像要排的很满，从大一开始就不停实习...但其实入门及拓展阶段都是用来探索及试错的，大家可以多向高年级学长姐求问、多搜索、多了解，这样也就省去了很多试错的成本，可以帮助自己更快地寻找到属于自己地方向。
2️⃣不要盲目实习，其实我始终都在讲的是“有效路径”。像我去年寒假其实也拿到了很多offer，但是我觉得都和我的规划不适配，选择了放弃实习，用去实习的时间提升自己的其他能力。
3️⃣低年级同学最好不要逃课实习！作为学生，学业才是我们的本职工作，不能因为实习而忽略了自己的成绩，最后影响升学、毕业...
4️⃣有很多同学正在找实习的过程中会出现“无工资”、“不走人事”、“背调”等情况，大家一定要擦亮自己的双眼，尽可能选择走人事+支持背调的岗位，这样自己的实习才有保障。
	
商科生在市场中的供需确实过于失衡，优秀的岗位会被顶尖学历的同学优先消化，越来越觉得学历没有那么好的同学在就业市场上的困难。。。
#实习[话题]# #金融实习[话题]# #商科[话题]# #就业[话题]# #经验[话题]# #互联网大厂[话题]#",normal,657ae7d70000000020033d5f,再打一针内啡肽,543,528,25,0,1741056773,2025-03-04T10:52:53,1741682029,2025-03-11T16:33:49,https://www.xiaohongshu.com/discovery/item/67c66b05000000002902e634,再打一针内啡肽,657ae7d70000000020033d5f,,857.0,,10,四段实习心得｜商科生实习其实会有路径,作为一个本硕学历都并不出彩的学生 其实我在实习过程中遇到了诸多阻碍 根据我的过往经验来看，越来越觉得商科的同学实习其实是有一定路径的 并且该路径需要有效、有序 所以我结合自己的经验以及身边优秀同学的经历做了这张图 希望能给大家一些借鉴和帮助 （PS：该路径只作为借鉴，并不具有特殊性，大家仍需根据自己的实际情况来选择适合自己的实习） 近些年就业环境确实不太乐观 作为商科的同学如果没有几段高质量的实习，在校招的过程中是非常难胜出的 我简单将实习路径划分为五个阶段，分别对应了不同年级、不同时间比较合适的成长方向 总结： 1️⃣虽然我列了大概五个阶段，看起来好像要排的很满，从大一开始就不停实习...但其实入门及拓展阶段都是用来探索及试错的，大家可以多向高年级学长姐求问、多搜索、多了解，这样也就省去了很多试错的成本，可以帮助自己更快地寻找到属于自己地方向。 2️⃣不要盲目实习，其实我始终都在讲的是“有效路径”。像我去年寒假其实也拿到了很多offer，但是我觉得都和我的规划不适配，选择了放弃实习，用去实习的时间提升自己的其他能力。 3️⃣低年级同学最好不要逃课实习！作为学生，学业才是我们的本职工作，不能因为实习而忽略了自己的成绩，最后影响升学、毕业... 4️⃣有很多同学正在找实习的过程中会出现“无工资”、“不走人事”、“背调”等情况，大家一定要擦亮自己的双眼，尽可能选择走人事+支持背调的岗位，这样自己的实习才有保障。 商科生在市场中的供需确实过于失衡，优秀的岗位会被顶尖学历的同学优先消化，越来越觉得学历没有那么好的同学在就业市场上的困难。。。
67c279a9000000002803e561,深大粤海校区智能健身房初体验,"周末稍微赖了会床，吃完早饭大概8:30左右
原本准备去一楼练会腿，正好想起来今天智能健身房开业
索性预约来体验一下，正好算是首批来体验智能健身房的同学
发个帖子帮助大家快速了解，以便日后好上手
	
💰基本情况：
预约价格10￥，开门时间8:00-22:00（无晨练时间），最大预约人数为26人
	
🏋️设施情况：
两个大隔间，一侧为操房，一侧为智能健身镜
操房内有几个瑜伽垫及一个大电视（播放有氧燃脂运动）
智能健身镜共计13台，配置相同
每个健身镜旁边会放置一筐器材，有绳索、直杆、腰带...
	
优点：
1️⃣动作足够多，每个部位会分带力臂和不带力臂，并且会有动作示范视频
2️⃣训练方式很丰富，主要分为5个：燃尽、离心、标准、等速、弹簧
3️⃣有一定趣味性，最后快训练结束的时候发现竟然还有划船游戏，可以双人一起玩
4️⃣可以用手机下载APP连接健身镜做训练记录
	
缺点：
1️⃣训练行程轨迹比较固定，对于有自己训练习惯的同学不算特别友好
2️⃣比较依赖网络，网断了就无法使用任何功能
3️⃣镜面比较容易沾指纹，使用多了可能会花
	
⚠️我训练过程中遇到的问题：（特别注意）
1.训练时突然断网导致力臂突然卸力，如果做大重量的话非常容易受伤
2.有时会突然一侧力臂有力、一侧力臂无力，需要调整等待后才能恢复正常
	
一些可能用到的小tips：
1.二楼网络不是特别稳定，大家可以自己开手机热点，以防训练过程中断网突然受伤
2.健身房稍微有点吵，但健身镜可以连接自己的蓝牙耳机，连上后就可以听清健身镜的指令和声音
3.由于人比较少，物业的阿姨/大姐们会准点放人、准点清场，所以大家尽可能整点来，这样才能完整的运动满1h。清场时会比较彻底，不允许继续停留。
	
总结：
我个人使用后感觉智能健身房可能会更加适合没有健身基础的同学和女生同学，有氧无氧都能练到，对于有一定训练基础、追求大重量和训练质量的同学可能并不友好。今天是第一天开门，物业的阿姨/大姐们都会非常热情地来讲解如何使用、询问使用体验，没有使用过的同学来体验一下也是一个非常不错的选择。当然应该还有很多新奇的功能我没有体验到，需要大家自己去开发，期待大家的补充！不过大家使用时记得多加注意，感觉镜面还是会容易受损，美好的校园环境需要大家一起维护~
	
#深圳大学[话题]# #深圳大学粤海校区[话题]# #深圳大学健身房[话题]# #健身[话题]#",normal,657ae7d70000000020033d5f,再打一针内啡肽,285,72,62,0,1740798377,2025-03-01T11:06:17,1741696579,2025-03-11T20:36:19,https://www.xiaohongshu.com/discovery/item/67c279a9000000002803e561,再打一针内啡肽,657ae7d70000000020033d5f,,445.0,,10,深大粤海校区智能健身房初体验,周末稍微赖了会床，吃完早饭大概8:30左右 原本准备去一楼练会腿，正好想起来今天智能健身房开业 索性预约来体验一下，正好算是首批来体验智能健身房的同学 发个帖子帮助大家快速了解，以便日后好上手 💰基本情况： 预约价格10￥，开门时间8:00-22:00（无晨练时间），最大预约人数为26人 🏋️设施情况： 两个大隔间，一侧为操房，一侧为智能健身镜 操房内有几个瑜伽垫及一个大电视（播放有氧燃脂运动） 智能健身镜共计13台，配置相同 每个健身镜旁边会放置一筐器材，有绳索、直杆、腰带... 优点： 1️⃣动作足够多，每个部位会分带力臂和不带力臂，并且会有动作示范视频 2️⃣训练方式很丰富，主要分为5个：燃尽、离心、标准、等速、弹簧 3️⃣有一定趣味性，最后快训练结束的时候发现竟然还有划船游戏，可以双人一起玩 4️⃣可以用手机下载APP连接健身镜做训练记录 缺点： 1️⃣训练行程轨迹比较固定，对于有自己训练习惯的同学不算特别友好 2️⃣比较依赖网络，网断了就无法使用任何功能 3️⃣镜面比较容易沾指纹，使用多了可能会花 ⚠️我训练过程中遇到的问题：（特别注意） 1.训练时突然断网导致力臂突然卸力，如果做大重量的话非常容易受伤 2.有时会突然一侧力臂有力、一侧力臂无力，需要调整等待后才能恢复正常 一些可能用到的小tips： 1.二楼网络不是特别稳定，大家可以自己开手机热点，以防训练过程中断网突然受伤 2.健身房稍微有点吵，但健身镜可以连接自己的蓝牙耳机，连上后就可以听清健身镜的指令和声音 3.由于人比较少，物业的阿姨/大姐们会准点放人、准点清场，所以大家尽可能整点来，这样才能完整的运动满1h。清场时会比较彻底，不允许继续停留。 总结： 我个人使用后感觉智能健身房可能会更加适合没有健身基础的同学和女生同学，有氧无氧都能练到，对于有一定训练基础、追求大重量和训练质量的同学可能并不友好。今天是第一天开门，物业的阿姨/大姐们都会非常热情地来讲解如何使用、询问使用体验，没有使用过的同学来体验一下也是一个非常不错的选择。当然应该还有很多新奇的功能我没有体验到，需要大家自己去开发，期待大家的补充！不过大家使用时记得多加注意，感觉镜面还是会容易受损，美好的校园环境需要大家一起维护~
67b47a3c000000002901ff94,深大中外合作办学硕士项目就读体验分享,"PS：由于字数限制，完整版在图片，文字放出重要内容！
	
📖项目情况：
2年制硕士项目，学费每年7.5w，住宿费每学期700元左右。全程在深圳大学粤海校区修读，校方提供四人间宿舍，可享受深大几乎任何资源，毕业后发放法国南特高等商学院的毕业证及学位证，可用于留服认证。（PS：无深大硕士毕业证及学位证）
	
📕课程安排：
第一年的两个学期进行集中课程修读，所有的课程都已经安排好，无选修课程，课程从金融学知识到计算机编程知识均有覆盖，难度并不高，全班同学一起上课。第二年的两个学期为毕业实习及毕业论文，届时会分配学业导师及业界导师。
	
🧑‍🏫师资情况：
由于只上了一个学期课，所以先根据上学期的情况来分享。师资有中方的老师和法方的老师，绝大多数课程上课都是全英授课（部分中方老师也会中文授课），无论是法方的老师还是中方的老师背景都非常优秀（甚至有清华北大的中方老师），法方的老师也都很好交流、非常和蔼，师资这方面我觉得完全没得黑。
	
👨‍🎓班级情况：
这几年我们项目都是只分一个班，班级人数在80人左右，由于每节课都是全班一起上，班里的同学熟悉得也很快，感情都很好。目前我们班内的同学都很好相处，大家都很优秀，不乏本科985、211的同学，各个专业过来的都有，非应届有工作经历的同学也很懂。由于我们项目是专硕属性，所以大家对于就业、实习会比较敏感，已经有很多同学在积极地寻找实习，就业气息比较浓厚。
	
🤔认可程度：
这个一般是大家很在意的一点。由于南特商学院的知名度和排名相对来说并不是很高，从我冬季找实习来看，目前金融、互联网行业卡本的情况比较严重，如果本科并不是很好的情况可能会在求职中受到一定影响（校招影响可能会大一点），但深大+南特的名头在广东地区还是有一定认可度。但我一直认为在硕士求职的阶段（尤其是广深地区），自身的实力、具备的技能、储备的实习等才是重要的。只能说本项目并不会给你带来一飞冲天的效果，如果有更加充足的预算其实出国留学也不失为一个好的选择。
	
以上就是我的真实感受分享啦！如果有对我们硕士项目感兴趣的同学也欢迎后台私我，后续我也会持续分享我的校园生活、经验等，欢迎大家持续关~
最后附上几张在学校的图片，深大真的很美！
	
#中外合办硕士[话题]# #深圳大学[话题]# #深圳大学南特金融科技学院[话题]# #深圳大学中外合作项目[话题]# #硕士[话题]#",normal,657ae7d70000000020033d5f,再打一针内啡肽,330,247,154,0,1739881020,2025-02-18T20:17:00,1739881020,2025-02-18T20:17:00,https://www.xiaohongshu.com/discovery/item/67b47a3c000000002901ff94,再打一针内啡肽,657ae7d70000000020033d5f,,761.5,,10,深大中外合作办学硕士项目就读体验分享,PS：由于字数限制，完整版在图片，文字放出重要内容！ 📖项目情况： 2年制硕士项目，学费每年7.5w，住宿费每学期700元左右。全程在深圳大学粤海校区修读，校方提供四人间宿舍，可享受深大几乎任何资源，毕业后发放法国南特高等商学院的毕业证及学位证，可用于留服认证。（PS：无深大硕士毕业证及学位证） 📕课程安排： 第一年的两个学期进行集中课程修读，所有的课程都已经安排好，无选修课程，课程从金融学知识到计算机编程知识均有覆盖，难度并不高，全班同学一起上课。第二年的两个学期为毕业实习及毕业论文，届时会分配学业导师及业界导师。 🧑‍🏫师资情况： 由于只上了一个学期课，所以先根据上学期的情况来分享。师资有中方的老师和法方的老师，绝大多数课程上课都是全英授课（部分中方老师也会中文授课），无论是法方的老师还是中方的老师背景都非常优秀（甚至有清华北大的中方老师），法方的老师也都很好交流、非常和蔼，师资这方面我觉得完全没得黑。 👨‍🎓班级情况： 这几年我们项目都是只分一个班，班级人数在80人左右，由于每节课都是全班一起上，班里的同学熟悉得也很快，感情都很好。目前我们班内的同学都很好相处，大家都很优秀，不乏本科985、211的同学，各个专业过来的都有，非应届有工作经历的同学也很懂。由于我们项目是专硕属性，所以大家对于就业、实习会比较敏感，已经有很多同学在积极地寻找实习，就业气息比较浓厚。 🤔认可程度： 这个一般是大家很在意的一点。由于南特商学院的知名度和排名相对来说并不是很高，从我冬季找实习来看，目前金融、互联网行业卡本的情况比较严重，如果本科并不是很好的情况可能会在求职中受到一定影响（校招影响可能会大一点），但深大+南特的名头在广东地区还是有一定认可度。但我一直认为在硕士求职的阶段（尤其是广深地区），自身的实力、具备的技能、储备的实习等才是重要的。只能说本项目并不会给你带来一飞冲天的效果，如果有更加充足的预算其实出国留学也不失为一个好的选择。 以上就是我的真实感受分享啦！如果有对我们硕士项目感兴趣的同学也欢迎后台私我，后续我也会持续分享我的校园生活、经验等，欢迎大家持续关~ 最后附上几张在学校的图片，深大真的很美！
